min_hamming	count	proportion
1	1573905	0.208611
2	1041970	0.138107
3	1188977	0.157592
>3	3739820	0.495690
