min_hamming	count	proportion
1	1323013	0.433390
2	397902	0.130344
3	243595	0.079796
>3	1088195	0.356469
