min_hamming	count	proportion
1	2071739	0.716907
2	383877	0.132837
3	151974	0.052589
>3	282240	0.097667
