min_hamming	count	proportion
1	1205075	0.563159
2	330961	0.154666
3	172810	0.080758
>3	431002	0.201417
