min_hamming	count	proportion
1	2337882	0.280007
2	1425932	0.170783
3	1388907	0.166348
>3	3196661	0.382862
