min_hamming	count	proportion
1	1576898	0.240308
2	1053079	0.160482
3	940646	0.143348
>3	2991368	0.455863
